Avg_Concave_Diameter,Avg_Convex_Diameter,Avg_Velocity,Avg_Perimeter_Fractal_Dimension,Avg_Laplacian
34.38073305308767,1.3991714313058563,513.5017484457793,1.4536988432110882,15.719120592948716
44.29390725117123,1.386285030840862,906.5886489694192,1.4884908814688933,16.327325862794613
54.037597525363005,1.377591732583353,910.657015884287,1.5418672577431751,22.35037820011663
53.82973121288698,1.3732188427627856,823.7207438144508,1.52117221724142,16.92448408564815
47.05044432518768,1.3862680011028417,756.1458850533382,1.5315080149096856,20.48777917631173
35.970940076069255,1.3760181073925215,697.3907261769771,1.356101591852101,18.31972197242104
22.087352466001757,1.3941959688896972,619.5787916448551,1.2104809894686048,21.583419978137865
31.853558059797983,1.4202469441945174,595.4304934173123,1.3820110054983836,14.424647817460317
52.552313823025514,1.3682807363963871,1836.270245667088,1.4996995072387875,15.651848492151627
76.14891611925653,1.3619522956786476,1113.4056942228567,1.5536352709339394,27.92135391911821
24.644169583356327,1.432338470959679,451.4075474285328,1.2541561257121296,13.027896634615384
62.33362416155595,1.377294864440915,1121.889460546814,1.4978996136345215,21.771254724233323
55.67010798354506,1.386461272995679,975.3032093252308,1.517597012314294,19.072046988239705
43.47323007378585,1.3957839887133443,644.4150152764055,1.545511220549321,15.642736028439154
50.02765438539978,1.3549282004304428,789.0529904671461,1.4255081807797385,27.1914697396672
63.61390824885036,1.3735591389993944,644.4878621860737,1.4349457304728683,26.477109280901836
32.113041371273475,1.400146687497846,645.4357823301274,1.3600883706748683,14.895492219650208
46.23529056995768,1.4185331601507871,583.1906129011926,1.5115587014460348,14.600060185185184
43.53597362385614,1.3796479227071463,641.8438001525566,1.5330963190694125,16.962568962191355
54.96707673334456,1.3896427702641865,528.9459108369309,1.4733071034691736,20.336960036712927
36.9295340020003,1.4409579422765482,621.7770504755044,1.4346508192726268,12.915499175785634
48.9298133282056,1.3875293053811482,1269.0737536099834,1.4785641449171152,16.737171746399177
36.95304333373692,1.4441528778702637,419.5526842418568,1.4836436200110368,13.185091014309767
41.10419684724885,1.3998644985288933,569.70661374895,1.4117291599250816,16.857622749485596
43.29338690570367,1.4082545405432765,661.2581189958328,1.5920967322293609,14.130019306304495
42.94050491342239,1.3761312145095084,545.5874279257257,1.4668674142055802,18.61216116173676
19.359209207986627,1.331834916054133,986.223091197926,1.0448272538325645,39.511082621082615
43.41944843222639,1.38809492241443,830.3275976816885,1.470722706619552,23.108527558914187
70.04602338425464,1.3459797108771334,761.1532231737469,1.4920605822402608,32.875331187168115
41.84367237387941,1.403137501461977,780.062905014361,1.5034579227068965,15.035774534520566
39.58642629993386,1.410677660204069,466.18342616845024,1.4596935694664293,13.626990947420635
40.91835577556487,1.3829100663290963,765.5122173704414,1.4736956846636062,17.19139412477954
49.20938439786808,1.3946088380905088,668.3488848033414,1.6333996172814833,15.127803819444445
39.70912082252649,1.454628494610026,517.2549180149255,1.5155060724482858,12.190266866801698
119.61445906413574,1.3139880087068745,1297.0501810987555,1.539156344211957,42.14463122905764
38.32312070253894,1.401492409421036,900.0507592571124,1.4859164128783022,14.320355925738326
47.45512636511719,1.3997409301642505,744.9484323109589,1.5060336447720089,18.040253399052787
40.47509351834823,1.39613488533653,460.07628657983656,1.399147513070217,17.844232301311727
39.20258597544179,1.4369001691107792,510.8304339908197,1.521700473664585,13.041432113054414
52.18168439444356,1.3593635212428468,923.6615827658358,1.4225807305768696,29.93648000257202
50.37661470837088,1.3669966334844297,669.0386789450657,1.4987601682402327,21.260593083613916
29.119409857428387,1.3102161023909114,653.7872630260493,1.1421558182685398,60.06406834731867
96.4797972726326,1.344967353692918,922.966528658612,1.48079065596051,40.94496830176147
51.003663232643866,1.3668931130534447,889.7900291742417,1.4145215547956436,25.009740518810975
52.729624825102945,1.383944695831545,977.0422365566476,1.5717399167188495,18.11574869791667
37.48251689875472,1.431957306018121,470.7290317231062,1.4795208064540757,12.667568238811729
55.43948505584709,1.382888375964633,736.1737373478886,1.5327961607243843,19.121445975654616
45.55639397657049,1.4142203177462571,582.6080601316419,1.5136616636963829,16.275414014230577
43.9412983569374,1.389232790603785,1501.6092283736446,1.3914145028013434,17.09347259159719
29.62583698860689,1.3612359821807325,602.2609128731498,1.2992115562678004,44.26805807811016
31.55139565780281,1.3938212064619917,440.96268793334815,1.384275684466666,17.052723845807616
29.831287433691976,1.4315015830999869,404.6786476424938,1.3827287092190297,12.49508084315376
47.2659471265957,1.3865251200717896,466.700254057174,1.5609894829216255,17.255480430610163
48.21747429699196,1.368216864587046,673.0555378982954,1.3817128971318575,33.386551261036466
43.46097279531752,1.4056730989777542,986.6258187195488,1.3939698412477934,16.379855364261832
37.19192009757375,1.417214339765395,486.6667647792472,1.454181079922644,17.015696398838532
51.89538663817241,1.37301845126423,882.4331317725286,1.477283259089098,22.144035658583988
48.77828084999514,1.382141906145359,572.4656344837134,1.421746799683598,20.722972849284623
55.4439151680053,1.332107850605469,784.2256930503665,1.3351712822767532,66.88701740244709
54.0324865728588,1.378637634757705,441.2605996469306,1.5055860585999727,24.202285447729256
48.100007519431486,1.3879696517878406,512.4108930738767,1.5437863927709818,15.93215753600823
50.644788131658814,1.3841617941703797,592.3608475496609,1.525667507659542,20.314396872129446
49.29752174839306,1.376134965947836,787.5619729460528,1.5314136301430905,30.6425357014547
36.81061560154602,1.4154063152268712,676.5225938294644,1.488458230112601,14.995737584175084
34.024373265096855,1.3965138762492333,552.4454994851395,1.439250245131577,15.325300621345027
30.828660037639725,1.3719842772728248,657.9771330547997,1.342013321082592,21.62577676788308
37.4990473614579,1.4302026771399896,411.46790391088234,1.4506196609739703,13.817513365299826
37.717897916390086,1.3724168685576623,607.868024525622,1.4243700017771352,34.6586337234225
60.728625596903754,1.3677384062173972,778.9254124630781,1.4490322733960848,27.271637602926447
37.043095632479435,1.369684427008816,630.547156291972,1.3857822307223933,23.51125087239954
36.91203334537531,1.4092529899896895,470.74271784088506,1.4323578733939075,15.410070715838946
59.652022398436344,1.4052834591731995,685.425900509341,1.4821466646419654,21.68673939331122
104.53748700056808,1.359837969493135,1225.4118298802878,1.6158780871922376,30.117055168727905
69.68587818254154,1.3685511076612922,1097.526588732482,1.5233974255103182,22.831342153928205
95.83818248952464,1.3341957795774515,791.0923408305641,1.5164191697957363,34.883907906983666
48.284414948984065,1.403718734252887,660.8448039667446,1.6241975435351268,16.224255105265833
48.89826555238863,1.4096427386391066,1489.8531314180964,1.572755061570502,15.801786830832272
51.244923578989386,1.374451541275612,1065.3719434374275,1.5209456691739245,17.624500435273085
36.1796228442682,1.4515642504971265,478.60062388278135,1.482958898896439,15.603284200254176
53.43998337772002,1.4015028618725376,571.3481862218762,1.5794097726887777,19.46148197549684
45.31994676576375,1.4262051251475336,514.1978779955489,1.6210079294513136,13.878134698645404
49.53599050391699,1.3964033000138414,964.3736966452092,1.452696671946916,21.601170960952462
33.320671018501244,1.4162087685677442,409.58945551408,1.3839619482576009,14.523886021438106
91.52529359735637,1.3478275794269885,1041.0515106478583,1.401277025710501,32.28070188193648
29.248908797677032,1.3923825279986943,275.8334637097892,1.2275034902202897,14.9754205678782
51.83854856179118,1.3934620538919344,1543.2202002317676,1.5668721224118376,14.9407968749938
97.59989589737432,1.3329349716352532,1558.459207214148,1.4825397582406878,31.60094519406876
44.86709898801541,1.3997891238696665,497.4036721827739,1.5513509400170946,16.081578970797718
38.037192401206056,1.4096214865500525,340.17622763705776,1.4465714484558858,14.186238054962011
68.13490867826674,1.3703215257636916,1557.4498668286435,1.529443928237884,19.46721317629239
31.25319313530802,1.3516389586664523,252.81779739408347,1.2788148602584215,22.421267602237652
46.12520880091688,1.3898396853050796,1030.443125202538,1.2944308291186952,23.13310033586608
56.12752881988064,1.3625246503559767,910.8369212608368,1.4673826522449296,25.926260457277458
91.52647593601051,1.3236979802950646,1119.0532531103086,1.4044101398191635,47.66104577732485
45.18576918669692,1.402306240261174,528.6365035384753,1.550527668779463,16.95985050154321
56.59981214122436,1.3749313789994717,1101.8092182960363,1.5125569069552032,24.276390476200735
37.512847264000534,1.4314046523031425,344.8497179903726,1.4404956820476895,12.13579798047246
29.80163554893856,1.4004979160765685,321.5470738552816,1.430633615189364,14.397348122427983
33.677969164120896,1.383223550694242,626.4241089557507,1.304190431966371,19.89210752018044
23.533984397993855,1.4155004121932722,294.0052042520345,1.2931538088188352,19.45071863129155
42.93365760704515,1.3669040762207771,580.0240068158239,1.3543111643501464,32.3712249228395
48.38047960084914,1.4023045489232304,544.0618151554133,1.5338066723434034,17.279881272401433
38.92796941569144,1.3866272731085405,344.8130643689716,1.4376403147684798,16.84385969535197
29.87061457818534,1.389233033317121,265.10908886361483,1.264553901469576,13.924557379349046
37.36985466782061,1.4316549905984464,377.6466735554928,1.4522927069242393,12.906983731995885
36.86023570504107,1.3799069302251965,459.87658064710143,1.4322650316864578,18.99346032664609
64.82967472888976,1.3726276314821693,806.436144779891,1.5000291402972885,24.108398292857785
38.50167202386821,1.418396509831777,463.489615109518,1.3977320734064784,16.57341132680976
55.87060886713466,1.3884784042968776,1254.641262061789,1.5410681262198231,21.02873103200455
30.004793367676765,1.383743712159834,311.50608389821906,1.3105519761464648,21.58669007201646
32.65017236400623,1.420914310986377,382.6754434224703,1.4050909689465827,13.316815200617286
43.79916314035405,1.3630502142070002,457.7342084131884,1.4008731445769875,27.95383964233842
109.8658744517659,1.3340601695770002,1778.9678570833353,1.6597236970479752,35.3510303735026
70.21106714801726,1.3866680412458976,940.7292083843026,1.5205844495782033,22.626681230709877
71.11369860702632,1.3807809943499092,1400.68425808424,1.53702409456869,27.205191802772827
76.47021685161438,1.359088383940197,549.9081743077306,1.554209663958198,34.481923868312755
37.174965733614016,1.4099022901610214,408.709335369114,1.3088435044906437,15.72051914544753
27.44719091171734,1.4260529759247664,458.696290696248,1.3362191009626476,14.749356937429852
35.67633860835012,1.3195246833057013,409.7174775574797,1.1194651136785694,48.71273054393609
23.59022248589948,1.406496830247284,477.69245949040334,1.292558639155849,15.286786008230452
33.66357704871924,1.3808299379895537,791.3808637097864,1.379519558028131,19.23472842261905
42.57482766944347,1.3892532258548762,350.9867122480947,1.5114604026250154,13.15218275784465
52.28660958236079,1.379322627209083,1575.080328383523,1.462427730739898,20.628966459641227
37.56890873693928,1.4096105805462178,378.0987721833856,1.4938492155343526,13.28691101330912
63.80770391828171,1.3642009198628195,984.8071668590952,1.5169742638710728,24.915765868969753
42.264644521698735,1.408066000111168,982.949395180212,1.55260012310767,12.92019113756614
65.12659683134738,1.3606575895081685,1578.148980062166,1.4719859235149102,21.48722506332099
43.14343207465731,1.399859689694224,377.93701587300393,1.4948886666152554,12.276046044040836
36.254783894285495,1.4140105652990196,660.6368831309385,1.3989647709857158,14.758384452160495
61.85975856374575,1.3611571872393766,1037.4064845692294,1.4962021126859213,23.46581992103474
32.147327821514985,1.4221516079196033,453.6301975972429,1.3838510063858869,14.18272398801045
34.2746331610088,1.3859945474710316,422.003451934751,1.315086455848086,24.57069886509774
33.29945720105555,1.4399336577011477,352.57979450806437,1.4126022138718286,15.871890050790656
35.233176552508404,1.4691718348356109,598.966071960132,1.404805513297836,13.251222431198562
30.818178235282684,1.4247193471014918,395.0100925596616,1.369173163110863,11.933493002946127
51.03956129174174,1.4065787729398451,973.389120652595,1.5805896802504549,17.84572406856261
44.58949922100973,1.3905705403816635,393.5282452981866,1.510839060334878,13.693456412708
43.95979967468494,1.3881262432475394,533.0357949440411,1.4022410075779708,17.465480145204737
54.75450478256679,1.374456479494659,1316.885616825771,1.4754947867473107,22.13785268775721
33.521072670185944,1.4139677460637137,566.2075434258046,1.360560941038943,15.764405634579896
24.369685917089388,1.3869211178284628,433.0106773969814,1.2192914373089712,19.68504794973545
43.14185859859186,1.3943467141033103,523.6342038268034,1.4125315800913738,14.473129465573306
31.69587706868345,1.4038983519519928,433.95141402948343,1.3411021672909496,15.136930941358026
45.293733474094026,1.4069695555645176,524.7226554712332,1.387779774906615,22.829856288580245
31.540852325516727,1.3624003753600236,676.2754654696948,1.2072757572609552,22.308742127544217
98.35326901325662,1.342945755326903,1368.7519458861425,1.4909515319225664,28.659391837477845
51.654147943828455,1.398092154248387,680.7482384027094,1.4980339595560916,17.903450689331397
46.3059753069469,1.38394942468586,1512.140622336913,1.45322989901302,18.842693463511523
29.958892822644017,1.4068838984247396,445.1633516329754,1.3241417664310955,16.756409559334912
22.014093272881635,1.4481480784306977,326.1777779237145,1.2117085474798177,18.443201195987655
23.931742278055697,1.404574926215527,433.44413085228535,1.2202587549208548,17.859307835297418
85.10252693215827,1.3308867504666213,1141.293140780515,1.4928120539942022,37.88546145660832
49.929002850255266,1.341734221327308,776.2618336170289,1.411268823104605,38.66307906539352
43.18954638450439,1.3600318522949546,541.127188923718,1.358523804237014,24.403774514531893
86.95590670306491,1.337815760132214,1064.406402319478,1.5088938940643586,33.59041087962964
33.216444143470724,1.4109541669179186,535.4935246102812,1.4158846045757312,16.927930772569443
73.81932926632534,1.3193171781682107,735.9854669299052,1.4506966433604018,47.78008864164314
30.858993329673194,1.384611179420428,650.074302408223,1.331839041371402,18.775891920670528
37.60346582761652,1.4020431497599095,408.08577146204993,1.4462475926810554,14.018917703510802
49.52290799175695,1.3741168647155717,768.2522155423815,1.5576931569313868,21.195094429747208
75.18082669061323,1.3420684542438994,1682.9463470441638,1.397804442152561,39.25699221867299
36.77643518291939,1.3827176893113855,539.9885271703422,1.3779752548148327,17.768498111598444
54.068276434731,1.3494097939085814,630.1689717043595,1.4411486859520422,30.21268659477928
59.77724014177416,1.3695119831123073,629.7777060501725,1.4716407340939952,21.305363191004293
57.464777770014344,1.3774804316442708,717.9113632330439,1.4743005630027657,19.764912039099023
38.58556850671444,1.3738727689590648,347.0022598834005,1.3620515181837467,22.282286808413353
73.02377686476538,1.3254780851909116,1496.3473702610695,1.4397527588632126,52.8892699845679
32.30624510439489,1.3694639127195294,702.3572574436474,1.264509791410307,26.716661769943023
103.1911967640452,1.3354445007739988,1708.482115776936,1.7056606962052756,32.67940530237508
47.7632052229053,1.393298444194201,754.7160805345943,1.507029855764373,18.838366448045267
87.89567539035926,1.3372854446648288,,1.575613274072305,28.19998365328065
54.921714171960005,1.4018093311923103,920.8005550630816,1.481717507248126,15.94807551663979
32.34857122256197,1.4056056671696109,426.3620892471101,1.2808233980335413,15.12422431445869
45.75637469636907,1.4070208916263205,934.854241979786,1.5719031881376988,14.717144673046802
57.51422811418268,1.3731567438579475,1092.9940047286238,1.5192422196539326,21.578178717693717
50.97738779258908,1.3791691530343122,1136.3674737436631,1.5318910333451,13.959324362115794
57.66552462548355,1.3750648635985243,1041.259599258747,1.613239440178197,17.498024530582644
41.65952123749174,1.4010761211350653,727.1456167985643,1.4938497013935346,15.992666377314812
41.205731951480125,1.3646764241805631,599.4500976568816,1.3964255774634116,24.343789030344784
46.664089964982864,1.378796560130222,651.5720167349334,1.318113243162097,22.873799246550472
79.95759758542691,1.3412849809645282,872.7845212949951,1.4830280668878943,41.93971605815796
50.007468834214905,1.4013984688445311,648.6930447836958,1.6313113432867257,13.71100109712577
43.715995307715346,1.4226095843281843,772.804128331581,1.5651994614120808,13.40031896219136
42.05392319692558,1.379930886683434,580.1312311465086,1.4476826786868937,17.091296455341027
31.218257078272316,1.4293002041603644,413.1238207584304,1.4073864364192827,14.635477605920316
25.80826579819221,1.4162663561435485,1031.5555473103716,1.3115553422594142,13.702615666547956
35.78487757067917,1.375142655257791,1123.4066997512375,1.3837620011528309,20.01854181505223
101.94837840833397,1.3424708399535674,850.4917626315464,1.498554239775996,47.16178063914609
73.63381509115297,1.3557384605759033,990.1961919080884,1.52699606185571,27.575195409192418
71.77256041798532,1.3622625882942874,799.0272800249861,1.539571095351359,25.07648464506173
52.59423415440458,1.4064920475214608,622.901003617064,1.6681952098591668,13.803605892134394
29.753060818358467,1.4093505457358055,446.7594054093505,1.322467937005672,11.199596354166664
54.53060200199158,1.3941061026360029,696.772689968547,1.459351351899474,21.238541952446276
47.68231034256115,1.3830712246927797,449.4414456587437,1.3820368084788293,18.546312818706387
47.81116659421064,1.3786399779761322,711.4315828603296,1.6076375058362853,16.706495949074075
32.14089565210477,1.3812943889328098,600.7278825345959,1.3782241672221929,19.713301697529342
42.417109830260415,1.4116622477234184,675.7087328483979,1.517541371998274,19.02584866531007
61.62007661649796,1.3784081851882803,1352.7716801456322,1.5117522456897157,18.441017926830764
67.14843192106527,1.3559474424076123,1124.3641097326115,1.5009017562140836,29.514209211251824
56.20863429623286,1.317836423596553,659.6702443521438,1.3129558178755367,48.38487615937233
44.87383407297552,1.3857039438918717,733.4439215936019,1.5575210711148149,20.314627642067173
42.99826843896776,1.391324428598566,410.9947269303084,1.3829808457051271,13.857776652520576
43.429208284681565,1.3908082539351276,674.2785958822952,1.4861187579631576,16.28761756641314
57.48407148579334,1.3932425709163605,1045.1989613289102,1.4983357223439533,20.65196249870093
46.74504304946227,1.4066126265259626,871.9795691852199,1.6185292103316065,11.871226325757574
64.27115415669182,1.3671932986006965,932.4281548946188,1.5595797158020186,24.437108261475963
48.83721201205527,1.380914767898343,732.1577187768039,1.6140944553548957,14.919771792948575
34.661521135392164,1.3772042564910083,502.1443194157621,1.408051339966658,21.137637502411263
49.853085753242425,1.391428178912208,801.6030358012895,1.5294542209890447,19.164581778313178
91.5058839349576,1.3471090207175327,1418.873589666688,1.606208373458362,30.790307629243824
46.50070586800699,1.370391145476199,700.2261777642434,1.4773104462254267,25.834037703594152
45.57404821557339,1.415738376479115,881.7608497379246,1.603364848799699,13.593055504792073
94.8153866332724,1.3272122852761596,1056.518896174496,1.4795639242214005,36.05220129864733
59.100178689444654,1.342354624302228,810.7606774208698,1.3215562579339024,42.27110135257807
44.889668010745226,1.376833432284792,770.8745148740506,1.4826068715992038,23.23663290895061
53.81054166296498,1.387169320657036,696.448641234229,1.500058455611941,15.657766685702844
36.91107393071216,1.4258644908655744,575.7440530873876,1.496592061182139,13.634044335133744
44.80956817242298,1.4022989834996755,1645.5361515748093,1.5224476688699011,15.173208256312554
46.58809396350035,1.3586867466747872,489.9116261262947,1.2580623552055623,27.056395538905132
41.35789408528421,1.349296148843186,655.3902623303002,1.3250251951717171,27.03206397810188
83.78778867351657,1.3464896172286676,1398.9970897318317,1.5709017677408426,26.884333262110484
50.05699577900909,1.3888983598413471,1022.720174655053,1.4876972838374127,16.93796993630236
43.60638586888046,1.367114627436332,695.3362806569853,1.5172820036744703,24.80975884019796
40.24062041071185,1.451012104381974,583.6490491340984,1.5244936721347573,13.782583831661524
92.81502798966022,1.3153355859577895,1015.823333846156,1.4482283064796984,45.57137521042833
47.76567549057338,1.3622731153196366,416.58903248134294,1.3217631231799989,26.470851309125596
41.78508671957111,1.4070890081455731,598.3723174341137,1.5391360969538572,16.074305779859316
55.97018800745216,1.3933984396025458,930.386955048359,1.614497306545062,16.825755132014773
38.33477012849407,1.4284466181522557,617.314349666784,1.5035028531855128,13.326969748547569
29.989750826786395,1.458853346007752,436.88667690218745,1.3897223301868415,14.382745598344558
41.70196660574137,1.4268389704358886,783.4758164738182,1.5532745685709934,13.395061571988656
31.21941604295572,1.3497739406681422,822.747535836751,1.3410964559129273,25.21166682741769
57.66712805513545,1.36950002217659,879.3223551249855,1.4524826950808143,23.002562674396327
40.43628175080478,1.3656599521069537,780.9364241808355,1.5057306148152576,28.258233469848054
36.51019135460942,1.397071011077492,1259.4673819098532,1.427078549499596,13.478126946328182
32.62682181215996,1.3898663246703409,541.0717203233993,1.281348631074569,16.91596121077675
49.75202950441683,1.390036512342811,990.3396581783184,1.5993160051362545,16.751286972736622
48.40828418674214,1.3719168061156413,695.085558851249,1.2209698978986832,24.342901570048312
45.34616523921774,1.3922763891864842,724.7599978423931,1.5560622900856014,16.845202821869485
58.18291395455422,1.38123162624609,774.8087528958276,1.489472154130207,20.019883006852726
47.53796419921427,1.4129919836810334,878.1238373619585,1.5530717656756043,17.823788239832858
50.63048901125268,1.3966126977089828,926.86723375479,1.5433537100731682,16.626599209689488
46.41243016713296,1.3962870080172984,531.627773801154,1.5251074133328315,16.78247245141508
57.16359333997103,1.3666832142017342,1233.7684116295234,1.542854669802712,16.580105615624927
50.21044256039525,1.3968002493738607,852.7051882622293,1.650754957219757,13.778573650990795
43.93245177122825,1.4186069771327956,944.2431281844256,1.5439371913106965,13.52516616184003
93.44417554536258,1.3454117701787918,1730.02449647541,1.6163712557927137,30.94547638136309
64.8074388307456,1.3495679858784282,1464.706761462519,1.387177549309634,25.05510815358407
38.59988653051623,1.4077905635164127,598.093081147676,1.4946971265021856,13.914713541666668
41.12605733606994,1.417283683704757,895.8022600119825,1.478337798464427,14.515857859347443
54.226988639379826,1.3861447514219258,1084.3001107081134,1.551229147927898,15.241308402648295
71.51342059205592,1.3562555848148552,1299.0498927775686,1.5348327915623532,25.439165500261467
78.41411007429132,1.3679505963872671,1071.9866901666785,1.5648618453247496,25.392402070207265
47.06728639278882,1.359254481551518,775.2873058513011,1.4555724654128388,27.725003083916935
45.91348837916019,1.3825590220155566,573.8196170115821,1.405996741543002,22.590599835157125
50.99192391909884,1.3864642344020042,1012.6115783545404,1.6190494144397325,18.69058922284915
59.07770972352182,1.382083860730284,722.3990814322133,1.625752561852708,21.71671682098765
40.658169248427946,1.4351863132616611,623.166417786657,1.457127527090165,15.069964795524692
51.16834282667289,1.3921538337847952,955.0139465138292,1.548082245965222,15.397742515909751
45.00734744842224,1.419964001877146,963.754346806101,1.6004530376707935,13.887215119949497
38.87106407536335,1.419586957864229,883.79790456855,1.513104151366768,12.759173292404723
39.31149458009749,1.4130859846818822,874.504509281175,1.423180711243018,19.79362123842592
51.89325891712184,1.3793197594597828,1018.5161494620742,1.6031761909671127,19.669042004243828
63.8216733505605,1.3816534169117418,932.5896439885402,1.5796507882523,20.206414367926957
48.79344736649548,1.415875168415912,884.4036252225744,1.637610394977275,14.981451179912549
37.33284771467135,1.4361493695196603,671.0221374988994,1.4852161281373129,12.631935100790894
41.69958144240442,1.418652408032815,1096.3715125602118,1.529596292420637,12.670824230806325
42.37825835219291,1.4080827818751749,847.6476254418214,1.567576899484409,13.4097308150954
47.20208925668513,1.3808974126653484,1130.7116349529404,1.388083304904255,19.924572814560673
45.258071103357935,1.3704777435292816,1464.3623273048263,1.45270923219989,21.797200619953028
53.010590493082056,1.3588574640397957,966.5525346235434,1.5623900943194358,37.21103997878087
37.30474319987042,1.415563410548619,646.58390957294,1.4760688662505497,12.616745825066138
33.797075717258515,1.409527939953886,405.9644735678672,1.4025065824594325,14.236005629208757
56.94526588330727,1.3880778697207643,800.781803063838,1.4881033736035034,26.200887134163036
30.036679137744525,1.4238224361066365,546.7913381332481,1.3716382148650572,14.363058577674895
47.542810503442176,1.4039909924376457,714.3289676879513,1.6048212839970752,15.91422831920169
56.82104133823744,1.4046478859341436,1086.6949595641602,1.4973132268417626,23.17525257201646
29.743050771600505,1.4109696648525651,819.8397266421156,1.3157283109143356,12.574971361585945
63.178543551834856,1.380867439635754,766.6426914530624,1.5136192371225918,21.190075298772612
30.13687001719038,1.4509710794891044,344.1987779794661,1.337463588866675,13.761494458473624
46.75927783415253,1.403125106689531,1565.8674029008323,1.6004096853584704,12.776021894290125
34.77340557239308,1.373333560346057,682.606611919605,1.3101360334079213,18.412085583847738
41.11968202576048,1.4005343032215272,682.7696886796216,1.427882646458747,14.846628649048354
31.428236067847298,1.406135224221613,387.0138842734287,1.358821218852053,15.937743484224963
113.7416418615196,1.3111861435806784,865.5418799301556,1.5132349295909382,36.10652290616798
55.345494942007704,1.3952617195681476,1935.3432079796453,1.562966696433326,15.812344990079366
32.58616696187286,1.4138158408911068,544.8494090542295,1.409859429375021,13.716856674382717
38.85812566369668,1.4051890329174233,624.1430879418824,1.499740977691273,15.63809689153439
55.91967346037818,1.3879999815347752,843.2387995467262,1.4950496168350411,17.854934937103728
45.618558613886584,1.3925205251108843,1289.4735825491348,1.5368009313419166,17.04535003329688
40.53946707501203,1.4183138957066124,578.8238582267927,1.4936763870508876,14.698557361812568
47.37136711918027,1.380256308268119,898.641650748005,1.4187718545503425,33.0588675190169
77.34184250867207,1.356306748798215,1113.8226746105036,1.5944553867865563,26.642656100272784
80.32299362542217,1.3637353443541047,754.0995700567667,1.515332769940144,35.18287563023741
56.86795885203678,1.3542778535248272,619.5963175402078,1.3890061176372122,30.296338443849084
59.89285308563278,1.3769763144772036,944.3556144796624,1.493864106383281,20.7001483961273
42.52336403673535,1.3781604811993315,882.223850192628,1.453126238376115,27.33794649216524
62.90941290317724,1.376710681025775,637.7686142831285,1.486774796621407,20.737594186461955
29.370023656802456,1.3826674934578769,532.4480715444378,1.2968750642502256,23.867263575424385
59.14146278081093,1.3990134202711553,1475.4457714374164,1.557580979643704,19.18661529063786
75.97687434128417,1.3633660938337977,1229.428714952009,1.527525517771613,27.64724953297596
40.80084951977444,1.386774462042771,530.1535705390926,1.3649471197350145,20.929526460727963
53.45141500305321,1.393541144354075,614.8983875785185,1.5706758373607526,19.097363143463404
35.78371396814584,1.400855739117766,550.6296206630458,1.4226575606757963,18.88884982638889
21.419098329122548,1.3822659346690358,453.7841355097931,1.2604135660043585,18.055771203060704
48.52784145901575,1.369514411327624,611.7108370540401,1.43022717411331,27.56058772872456
39.79587559578556,1.411382833049186,651.3292384206817,1.524932352407819,14.069029947916668
42.2520395747479,1.3946042497626925,463.90504214121614,1.438279734580313,15.529415462359758
19.943815875233422,1.3878655038681065,495.6702097346917,1.1697904068958755,15.737468593267748
61.68059683734016,1.3655413440750808,737.3659484575932,1.449289827499619,34.04437687054322
70.88296304519687,1.386005587971252,1183.5728022498108,1.5345606409027153,24.99539042361867
42.48637679168529,1.4108095287361009,963.3601026752756,1.4939099888781906,17.35081569664903
78.38505015522222,1.3245352877467955,946.0068046634664,1.5174461931074823,52.1638904516197
44.68750564369853,1.4088131485387625,654.9446027998591,1.5860870498912307,14.619089832399254
40.31632858913266,1.3888820514984848,834.5740947405608,1.3876353838910864,31.42514036012016
56.8005951568687,1.390594435870819,699.1375788481209,1.584018475508115,13.341795460782286
74.34239393027565,1.3692282317889586,774.2392940576292,1.5333086149054902,30.22464896007592
46.75430499852157,1.4082024862057756,979.3056780769884,1.5463910341200766,14.579930950122671
37.62972348981223,1.3832512511825488,721.8070068944917,1.4885366778275302,17.802968267746916
38.58763950816796,1.3871625534099694,585.3071869000486,1.4567269956172566,16.72494484778339
34.788487930754,1.4437550488121682,451.011823156454,1.4203495937868142,17.786751044327374
56.20058074961269,1.3832824913825426,1072.6119963616084,1.4958704964059557,20.357150020678876
54.86372402169785,1.379100536525373,821.9906784872904,1.6517337876368043,14.980304729244404
51.22268906184421,1.3941239027060746,609.9767621472145,1.625650808074855,16.62580410407521
40.88178287029042,1.419757786792526,576.5346705982928,1.508565754585523,15.927729431905863
47.74027366735051,1.3949231535280897,705.2776555400923,1.609709906549785,18.496379466405504
68.08380951093558,1.3314856778757538,1084.0509640943058,1.4463693927337655,39.39370327438594
39.41127323037352,1.4134121157783008,761.7175871772569,1.4400523811906418,14.8002108048804
46.8353525411933,1.400764878528157,961.1243447190894,1.5099751272624784,17.368420919966233
30.407454070795,1.4114123861335648,518.0740697693194,1.358169643315062,14.183146701388893
46.35621698545346,1.399815658002948,802.5800235217212,1.5135543543225205,16.203687642579172
39.632177815491126,1.3739449829020935,857.6201466376058,1.4535219217812818,21.770569219393007
44.96844776363065,1.3920143404963232,504.7841071338002,1.4802014911739951,16.100445881911824
55.95075410738366,1.3748074259760443,819.4715466893988,1.6350247878438606,16.293149362909624
52.643012652627725,1.3759721491001382,926.8586828834982,1.3806918783754123,25.55306335197774
29.684930251099978,1.4035091078183994,491.87388623119807,1.3682651413544216,15.241016750257202
45.88505971438123,1.415552271547078,997.3385954643272,1.5163398689738112,15.40181653608737
41.78493844291555,1.3996042949881595,769.8031780744178,1.4835284304809662,18.95312572337963
68.57400110671506,1.3727558042040744,1291.3717670990638,1.5219892662226604,24.492042475779392
39.91622680856224,1.4012237270576018,579.9994908860224,1.4136760383187803,15.094634323559672
46.755242557090135,1.3969388211227791,645.2133526755056,1.570730694310129,19.9305986806238
29.63389267335524,1.3956482482975026,489.49931763539615,1.381250708856527,17.10417403824956
110.73238434448643,1.3322243612008788,1419.5440858666927,1.5250451870847437,39.427558340668384
52.67624645943776,1.379205175055975,903.2817372178648,1.5631476398004789,22.499350684291496
40.45759847427291,1.3916386531458709,666.5693502437338,1.4850875770020822,15.321164247761317
47.033552464412544,1.3944245345611483,1752.5429406238643,1.551188937665713,17.68414851641414
43.100939137449,1.3777440182346412,938.4619121109644,1.3347926375467003,21.695016557355967
41.73639110923322,1.398533659624623,596.8117632828861,1.4969341723909886,20.172472608024695
52.589301736135674,1.404498404646897,708.0350121802763,1.52315378099154,17.291926457706808
86.74439202129413,1.3568212245300872,1400.0674371656344,1.5817186091304385,24.196044293843546
46.402231054575765,1.3820272245321965,762.1738785638986,1.5935594463823437,15.82857235001929
52.31270918154552,1.392784335271868,1029.095896454341,1.4544411736802116,19.70877950379136
44.3370420313348,1.4158430116739027,779.9810969651538,1.5252387313929006,16.87711247826168
29.494151061655135,1.40741215811233,491.974668004366,1.3718889207496543,16.852238005050506
52.27122184589303,1.3851321805430077,940.9589149254468,1.6310465904043456,14.312945541570215
62.28781196476365,1.366218922705189,1127.038345974775,1.4677845234359823,27.468758015356773
63.15081395823102,1.386165027281119,1087.622532190353,1.5301177689500722,19.57992976078213
52.389861950797105,1.3882971839213898,610.8167533378366,1.384985783922312,27.86450247556585
38.166814407964104,1.3910120534790724,785.7989214554508,1.412680082576781,20.756432359711383
26.391088372376284,1.3953350195587293,288.65522496742506,1.1878163907948345,23.16590011120189
28.95164542662473,1.410359233812316,587.1101312708148,1.2473218741339172,13.374676452020202
106.9180408520872,1.3365453556732347,1333.459318803602,1.5612049137371364,37.81179608381738
42.64049382244037,1.3923046937001045,464.23753912389947,1.411718546899242,17.70002814604377
39.55690686123591,1.3716114874038283,996.9087428726604,1.393639595612271,16.717260131508322
17.441038540957617,1.4045518362418672,414.85727845557176,1.0620399272855772,22.989393186577356
44.03638236594411,1.3766707407133087,740.9354217692807,1.4911649063513457,26.06954794472503
52.84267262712049,1.3678057977573652,360.01210943581543,1.4436981060207204,17.62146264681927
27.72130806992136,1.4247461126267766,325.8690210834081,1.4826198241114434,13.68736959346628
115.09438861352363,1.33663401120892,1015.7859902000008,1.5162152414415373,40.506969258557795
48.33840407360728,1.3968403547296595,589.8647311426646,1.5296969070248096,17.194735421668074
40.62834275080785,1.4211280781530249,495.29100207266737,1.514658703217647,11.956318687653408
38.11479306530856,1.3667984388843102,1018.2955257769606,1.398330235316438,20.329744913499024
76.91897305578507,1.354295686378766,1040.5606987588778,1.5297197298448502,26.42321145482604
95.80480942574516,1.3457867878831915,1086.6382983917804,1.578338444403803,36.781929581154046
45.885513854145415,1.391582631287419,1472.3035630733664,1.5204555277462777,16.153751587875565
39.04088379610583,1.418802795007924,465.2372087377644,1.501215502928326,12.46923989494302
54.05687867070111,1.3599879610687982,1052.062718386583,1.4234694716024792,22.619144766702977
38.55988336204952,1.372437197718244,430.8398772292932,1.389860156003728,22.773189001873895
41.21077721610511,1.3984526888309166,491.7085001039045,1.4902260583907936,17.553476678905916
43.31752529877659,1.4129298751657329,681.5578503250171,1.6041976665545006,15.62509548666787
43.92554792171087,1.4011356939155393,1199.325299731811,1.5602107389551334,14.552323977623455
38.747219208214304,1.4101371791166382,813.9280806414816,1.4604322039348416,21.284657931344825
32.86354223592636,1.4371529445903597,577.0860103499219,1.4071611810125293,17.305340020576132
40.0113088127147,1.3920966653059543,558.2543276824342,1.46194894512354,20.187654107490435
38.92717062688426,1.4281177506795544,750.4129237969063,1.5005826825962931,11.23819072420635
45.90896039898536,1.4439354021938005,1516.2295771664333,1.5577864351905908,12.312562103709116
60.42151643339226,1.3770986376635417,921.3450095699442,1.5036591013261975,19.061676913935596
23.23274073792319,1.4412576718533323,422.20175262195943,1.2359837171473698,17.673488355780023
32.46892760552477,1.4181685894904184,503.31191011705386,1.3784672539080385,17.009733063271604
49.994253919823485,1.3748568136395298,928.5202692202914,1.6267554893953569,17.11767523230234
34.43553579021693,1.365514267820725,740.071834061713,1.2620143457983308,25.18376953125
34.55885296225482,1.410583598153916,447.2348879463538,1.4321176616161213,15.07184585813492
38.744310112912224,1.415984019330348,804.9674195004574,1.4136330723431854,20.3483091403035
71.19591813098388,1.3730283478613765,1105.05211297449,1.5343499454376994,24.149418482299907
78.82062049476419,1.3566617964431456,1198.575758422225,1.5144977709391545,31.05665142746907
40.269327313495374,1.3576836445570886,567.5459117946784,1.3506534583135623,43.21600391313933
46.453426715328575,1.3652455151193257,416.4431533622096,1.3536252775085444,26.044720400852192
50.02717553238698,1.397643146893837,589.9328724726206,1.486808378849984,18.913718987416907
51.91462858927636,1.3955341775988352,492.5206390898185,1.465317998465647,23.207053735050152
43.57161136153841,1.4047955709948294,588.7010959012213,1.5246372163823203,16.623021527417215
31.91661187144252,1.3970298094824127,464.68606817408886,1.4044509275452302,17.493871008428304
40.58194650073415,1.4121842115074372,1192.869862258813,1.5244044397908183,12.506188700274349
49.38361940134931,1.374666317122443,1174.2583400935555,1.5457235168693928,22.11459972993827
44.65688868419359,1.3918699093486189,464.29718525177447,1.41291413300149,23.477564621913583
45.53455001601411,1.381927532841403,493.7765753225699,1.4898310250014606,16.529299189814814
32.985854458258096,1.4591330110957226,447.2269406347128,1.390666306729189,15.543981481481485
36.85602760436106,1.4000837043583485,380.4558077546464,1.283724432841432,14.680378154758204
23.13037700953206,1.3672450594651566,185.17971748111708,1.19194768058608,26.26344798096708
35.57389977652764,1.3918329037953303,540.2404970029704,1.4114587431855077,18.731279865052834
42.88597704731957,1.3946877235709516,462.0832181201264,1.5270121224222104,12.835179483251634
36.83123972472059,1.4207286441878872,501.88742012418913,1.405340050824137,16.093970068158438
48.09736346458323,1.3966494838247858,461.7121175177468,1.472818631012308,16.837249630272634
34.02377846510725,1.3800249731525531,642.4106393618785,1.3448282866623291,19.74592982552272
31.391166535936545,1.4211439004702842,394.7702706721604,1.382378878836492,13.559350813152896
36.3308959292743,1.3880940621344668,380.172241366603,1.4039052191460346,18.253106398809525
54.092399456293755,1.3712977785810438,456.2207264108188,1.5310602141275045,22.358247052493745
6.840741162584627,1.385050414409145,112.54433560546624,0.7553338012506677,19.7367795942644
73.21374585299029,1.3554764253958012,1027.34968085898,1.544799473070435,26.00704475200171
40.78968533415397,1.3615755019821312,552.6685854887827,1.458707131052009,31.635646876807805
26.66262783562934,1.393045419836049,474.2368664400722,1.2843789022887089,19.202864101080248
33.11317336874631,1.4059082853658225,327.4188331637021,1.347747822833143,14.996854938271603
30.14782042592341,1.4264483212194845,282.86869628083303,1.3604517087015175,11.608183674125517
102.16516424138044,1.318993399787593,871.2793414608655,1.4003984288884266,40.78291959099173
37.04900272434343,1.416219578684691,334.0985045395898,1.3173705996320673,19.03814147079772
38.25004978348353,1.4139329084868255,440.8961720024435,1.4863880288817035,16.628747611699
18.997190301586738,1.4154457708165689,240.49517144655024,1.2059524950158067,15.398190827546296
34.53036017062286,1.438989579870654,462.047454597061,1.4231429760470466,13.518409529320987
75.81257063845958,1.3236893886251426,1610.6478567604663,1.4543115887071048,50.517852793472464
74.55069961374801,1.3713174489437243,732.7471592431318,1.5383437601490462,32.74862944698494
48.714863173898365,1.4036657660836096,740.7174542106958,1.589927664667895,15.762154915232705
42.27494709311837,1.367761885248312,617.2466778630816,1.4494748694207713,22.690789662604907
40.66374830871213,1.3677591027794087,564.6840841052029,1.4149204850495394,31.28040739733588
40.54169264434177,1.3995920545305278,417.2732726969373,1.3638124355626735,18.40586866933221
33.90003175945518,1.397747015850901,352.8801212906358,1.3012742957012593,20.343775614564183
41.523201021049694,1.3744820945477958,660.5987280184098,1.4300707578356289,18.92658049999298
106.87237308915203,1.3109501928822316,1654.5938366809455,1.4756849518911614,36.34530699263267
37.37607561763618,1.408844430746181,426.6768926495677,1.3973344299520631,17.0585002944282
48.00143139333726,1.3665397150868677,529.5354541359561,1.4861642647694742,22.729327368065444
47.27852368339921,1.392797897940319,782.2281962571395,1.5084883659928467,14.969368504346182
23.08972101801284,1.4196558613040142,241.9701217438982,1.288772255168127,13.280539882330244
43.1207977985089,1.40793388288469,759.335663016175,1.5639509259715454,14.877119550540124
28.327271140772545,1.389838653431677,284.62311921499435,1.3269890450574249,19.072322209362135
41.577612403432475,1.3934447480468992,380.2526085669896,1.5302442217231775,14.32050202546296
41.20071417993522,1.4126344683260692,399.4734019709608,1.458901385705309,18.94920846193416
26.566615949131197,1.4251209749013465,310.57856386454665,1.2877441275523998,18.261810081315293
34.60663615801312,1.3797048685044642,590.0111519712573,1.375258037891612,23.89497969178669
50.36328434323678,1.3819465052731086,251.18435895153416,1.2175727508467291,26.084953703703704
42.57590101844396,1.401737776154032,626.1010761085967,1.5266867350065,17.91899677854938
40.36338540945346,1.376042139013926,541.0019396677849,1.3704779926735102,25.549759676386262
45.41636257560382,1.3902111598347988,562.0435519525751,1.471789106534507,26.04410759942328
37.55723740232991,1.4277137170635894,302.7618641189608,1.4753495972624642,12.8000117348251
46.26973714282956,1.3845533688150755,575.0596975588305,1.5009501017559022,20.3823267919661
33.97921946892161,1.3948127854505703,540.8490117309897,1.4397463484596251,12.321319741215577
43.87054636333763,1.397002335808465,530.5287819025389,1.463866990219177,18.878691851406696
34.69905031101402,1.3721548805166657,666.5919498002327,1.3590712170818555,25.149917847683213
47.90429586108564,1.3914360284325589,590.5537486575857,1.4657810816787389,20.53428391916851
44.30209091097758,1.427154377752652,742.5843034364007,1.558215859956234,14.63455896601268
37.46947936627147,1.437490554531042,448.5495783943243,1.3873876479797864,16.877423502604167
50.374470070194626,1.3829787983978616,790.1768260406101,1.4813317201433576,18.318761198988344
41.48829295245212,1.423873924218368,432.1491904220863,1.5223596876268028,13.474318441821287
17.334619718312684,1.4053115323713072,384.7734329968689,0.8148822617599808,17.570082428181387
35.78883549174457,1.4035029646478143,496.0777801527669,1.4472502330794066,15.444638310185184
53.13038834873726,1.3802703290207448,619.6037810800054,1.4924351178764097,19.556058442184742
61.141534682257635,1.3734484895900467,735.4061659257246,1.5208783226238074,20.071432628122302
43.87356203666662,1.39716688847237,531.1464309984965,1.479498491974674,18.00966001869201
40.109843428299115,1.4030923532740072,271.55367750347256,1.4312812781753814,14.5125726010101
82.08329514038282,1.3533461567562328,1270.890982161392,1.5990984963326813,21.863878394137306
33.553818836743424,1.3909463827237785,586.912635556887,1.392192067438524,29.097981283806934
63.43145351688897,1.3434693595255276,871.5822770009315,1.4241026725130754,27.26575301228541
47.96780918014544,1.4016261151590137,572.8769060706754,1.5452945155704445,18.202241137259943
50.210207766224265,1.3397704185273565,553.2185715518314,1.4166359464448506,24.31010058421517
68.72465796110647,1.4009936837699113,643.1617462831947,1.5550132040829263,21.92425417463481
81.37617330977203,1.341900605629759,1252.019871371278,1.6108995858785238,24.970787457773923
48.6482468258102,1.3891318945869953,624.1625557305294,1.3937608684382556,24.264078854073936
42.29455259116395,1.4020714721489955,582.0664012151996,1.405210479655925,19.28899159093507
50.32290270425942,1.3946298019667982,762.1511489601307,1.5124369545244452,17.944962108686067
40.741137522955526,1.3643586600038622,635.622963498899,1.398918775217464,31.57905306161816
44.230272011687234,1.389037292390541,531.1285632845218,1.5155752219134009,17.335000211456236
18.528467167893197,1.4583329897879755,218.64063145571353,1.3913649116005835,12.940224554573511
66.37062920753011,1.3663422429630607,843.653243632404,1.522570295990275,24.876850642055977
62.7029573960707,1.3694981810254268,712.0245387400644,1.4512928043202675,23.02890872154707
46.961822975740425,1.3359122221733757,731.8844950074786,1.3995684152479018,46.89977003372116
53.26842720433691,1.3892837642930025,713.7197160533675,1.5929411308121584,17.817316881161727
47.458712354575695,1.4039823580009836,687.3806850949904,1.5722522717951362,18.55489863713026
35.422110659967416,1.3877893906631982,639.8394495116712,1.4270415769741505,23.57063539678343
42.244472340378266,1.4042405507207687,707.3128631834019,1.5440389693303849,16.404980743135376
74.20742805651234,1.3708359576392692,934.5952281783524,1.4819267528498468,28.579619371230716
43.51659586567243,1.3818145767759482,832.5672487087171,1.436636293894978,24.80282134589944
38.971280323892174,1.4030547568640166,967.8461257455464,1.454354458232582,13.692741915684625
58.29346443966494,1.3779385752945428,743.9852622230178,1.5187019182624393,20.30587427987072
54.86896728311152,1.379312615616599,1333.0477630075463,1.58625599840592,17.635773750647534
32.86965294657868,1.3884167586806546,631.9308050419994,1.3958895819215682,20.26829517256425
40.78725412156459,1.4015140140044555,1196.911729632491,1.5589561276295003,13.14470923848528
28.501064887280275,1.381905400798425,578.6560291841555,1.223003329372345,22.073529077322934
68.65502423808532,1.3621815201747465,874.1551205968669,1.514038578421261,29.332740437610234
6.3777315410776465,1.3813843346524826,335.68531810933797,0.7724133794986455,26.661991142618316
63.231619287120544,1.3720328978683345,778.3004052021591,1.4937404600022448,22.20315563909865
25.707946416881647,1.4076309457229066,403.67985755306574,1.2957232534214826,14.324343697390567
45.21086771661705,1.3958214843542072,1200.9125138837153,1.524039661215141,19.3109894476408
41.25183539879162,1.378212344603014,909.8856707289287,1.419111250905396,23.72062627901451
112.35935641367236,1.3305148303983536,1740.2975143644344,1.5540060060859948,33.09968781703493
30.752180222514895,1.3968558627726713,489.2962540557823,1.312338760904838,17.366655092592598
34.50372177110127,1.3929223928190726,462.9258116995405,1.422744319137887,23.442534786522636
57.99757890638305,1.390289920104848,817.887227793281,1.5420614628196585,19.064497588734568
41.02690476573663,1.4156590732356076,788.6547238228635,1.5417821536584526,14.479143017908063
62.2053211512599,1.3891884708120317,893.3344845438985,1.5226304021666035,25.005220355213844
44.66560952628752,1.3187282698924991,737.3161012159832,1.434689010765157,37.333079184912776
62.10917354263173,1.3662324696488402,839.6766579960257,1.5284137182571471,24.889938946108725
59.39842717038035,1.3605733692084303,777.6294731381398,1.4475384224152248,33.267704023343136
31.371911217368726,1.4041028425496538,438.3955230257834,1.4128677366346238,16.93709350198413
47.53152746730682,1.3866723964712624,631.2701754356552,1.5162782977371294,18.912269090633913
33.02818544029789,1.3880507472546886,650.6538102128854,1.2754323356619033,20.08125241126543
42.0647614441324,1.387325533995483,667.0903292175354,1.4706266515987885,20.663928229049755
41.16736603749076,1.4404910587537176,780.02438033978,1.5474134127477075,12.226448074494952
62.15749826242208,1.346194733467864,652.9274908507566,1.3831832687994328,27.944510641450982
38.13887589368711,1.382633831890736,699.3758415632294,1.466834493626514,18.44408201270181
45.046169897713675,1.4116660848983456,780.5377910614707,1.5397004725755346,16.195272599902534
48.4266947479962,1.3836722239886152,693.5196400403031,1.4279016211701918,19.127698929398147
16.835369415276222,1.358966109233929,437.9894457502326,1.0207549568573775,22.95202608300264
35.00693180264692,1.394822607673802,560.4429830617215,1.4187874932698898,19.651833224826387
22.22789155602288,1.4298797360609592,529.7301738229324,1.196143324467574,16.064635592031426
76.39008598508079,1.3633096551929018,849.0551126323487,1.5508620775985351,22.84800959819446
45.76440509090915,1.3891033176063434,635.4013730678538,1.5188685621983609,23.851015482110196
39.035338980126376,1.409859257264339,661.9774649702479,1.4981859438658152,17.863704568433374
38.16314125083399,1.400177804837152,926.7781429360132,1.4441053628700535,21.796738200874486
31.94055028864491,1.4191239591175195,429.18124436744216,1.3688482575970962,11.670426231352884
36.44396447254521,1.3823569865675125,613.8775400347131,1.3925954709563697,19.648440831930415
51.71607899863573,1.4005844783950652,510.2586488988476,1.5746420072462184,16.462544782540554
59.06729730373383,1.3861887320742687,648.2983136817826,1.5530041845679057,17.780487208988827
36.008440632273874,1.3715913685361667,821.4148776604068,1.3773233305728425,23.793092119107744
44.222156944603825,1.4097608574394194,634.626463905929,1.5068924493417648,16.59438794273891
45.21916306698052,1.3947734668840202,707.3640654814822,1.5078452263817534,22.60012066621828
58.73914981671508,1.3792093328753947,782.6726035435933,1.48516847351785,29.060756713948823
32.57275208337541,1.364208679473746,823.2510135401687,1.3551927846403324,28.35044374703229
54.62916202590942,1.3520135293633655,612.3531328889271,1.4000863733936242,32.00359430985486
39.809063575780925,1.3556107711922352,707.9596106898595,1.3877569231590778,38.91360130529835
37.44363071274238,1.387918469859852,458.6512060824565,1.4636960383070308,15.07898276748971
42.5386064060797,1.3426547822707653,826.9524723849596,1.3380630161485654,40.12824306392155
69.49515306531426,1.3650531345927943,833.884682463143,1.5169372873840072,23.748725646219135
58.81312194648803,1.3381520684707584,771.1054676608842,1.3546049100297703,48.10825353652263
33.59177447207553,1.3878858309100173,444.3154294310993,1.3766083567537306,20.29639413580247
32.164921544258526,1.3596147265123903,482.8059070153352,1.3761285882427428,24.11127735690236
28.83650137412904,1.4096642926127747,424.1995840780564,1.3457903874190829,17.278924961419754
34.82666046019299,1.398932419300413,808.1944365094669,1.41990438078584,14.004396131453422
53.622168091692195,1.3873608070639567,515.563328492528,1.544666921055395,19.46465629822531
72.92203133738278,1.363815760189666,809.574861925379,1.5235657121545083,23.79282670546734
46.57036649092483,1.3957221835467224,1199.3074412451674,1.509851377124149,17.151824471281888
23.859276502449205,1.3515389793575605,343.45725593413937,1.130107753873414,33.647970558449074
45.21307722072959,1.3780017747178348,508.5218139581373,1.366289482915139,26.069518022486772
32.97767258802124,1.38413732019853,443.75081156216015,1.348206913621086,17.21941341949589
25.64303454446912,1.3615787534300932,548.7674843392878,1.1766190142237587,23.65740045631119
34.82361622916333,1.349689337603016,695.1053045947231,1.2318289426306617,43.128308823529416
48.89610226407643,1.3842989154230496,1334.7772669379642,1.43521342416093,21.04048611111111
39.90047192515855,1.429723925269206,446.2817239392131,1.510505866626867,12.037129778015196
22.672913592402708,1.3670016779544802,628.6696924440088,1.2408456848659308,23.01459800397986
32.86430411649175,1.4113556220846146,434.1608121530712,1.3552322403830113,11.39435088734568
38.57592525091064,1.4437653867044535,450.0213897605396,1.4955841451830791,13.503173526716822
61.7276751368264,1.388024129570429,789.8310416248034,1.4823235935637953,20.02318259723803
64.37344029780922,1.3935222844470954,1365.8009670184997,1.533139420052077,21.79174595365739
32.75123662809901,1.3729061360855794,506.8679033396836,1.3505174721126516,24.04273926183128
36.87395477427532,1.3804500257232268,613.3940479528734,1.3436316432475517,21.855510372143353
92.37861026085622,1.351688448936847,506.4705525400042,1.5635363276645162,28.00176105243994
59.473241548679525,1.3259901552943656,729.4399205558294,1.4435121101578352,55.840192029558615
37.81044907056997,1.4083754210526067,520.5253272710157,1.4058470888154304,12.906331729207276
55.95625463268976,1.358276000640947,622.73861659981,1.3574132081036392,32.68808834876543
62.5820841848522,1.3772266574084182,796.1036556199848,1.5027486301274426,21.147901941872423
37.38295607061808,1.3955828760794184,489.1095311725802,1.2983119635173836,15.299755911044974
22.512157364838934,1.3375120231975095,384.3314889682496,1.1119929781853413,39.44943269500561
79.36095648682588,1.3380772754264274,1403.4936167743977,1.5392377387436231,31.718008432539676
26.429706648174733,1.3922777881158863,564.3503271412247,1.3272813489455604,18.57671173053841
45.47832424446115,1.3735054579324009,638.775492861711,1.4777256755556496,25.200555695339055
52.88106065949505,1.3874263950141672,819.6631429777218,1.5377198837094064,20.54328745299613
40.53208898692078,1.364496460654351,830.6962228747276,1.268762713966106,30.797764338991772
40.337137076898834,1.3866519974197296,415.3128546535643,1.39420711080482,26.472977087132183
25.630907532315977,1.396852320379496,393.4192635086726,1.270688284784087,17.138714715149174
47.26500244053355,1.401564851932282,812.8957495655836,1.6067553373554206,15.551258198295356
57.64707214811742,1.3543043098179917,716.0110865813559,1.4293888548253062,23.964046407035895
33.60075993096002,1.4213507127718148,537.1245784164349,1.4520444619049255,13.788463919826675
86.17183384032028,1.34359194610038,926.1192801186456,1.632105837145732,32.433850901487304
54.78796361981134,1.3650656483792616,772.0967792390738,1.4520006238891252,17.687943683320103
40.25829798876943,1.3671437487501783,352.02306620136835,1.300871645513429,41.239773253367
30.096232519332776,1.4095598561592848,527.0921138471338,1.34882770861762,16.73128219613463
71.74253868441275,1.370024125110345,513.692227328427,1.3707291472208964,33.655207685378656
35.175836399603895,1.3699371786962975,564.3125925607577,1.326800616920106,27.816116586282646
54.42627610430688,1.3613339608048125,993.7023571283418,1.535305122570376,25.333352816358016
36.35438990621681,1.4318371000309311,624.2587911512995,1.466055061863095,13.8249966563786
40.043088946835695,1.418791243525286,566.5871660580858,1.4684066792091006,17.57825515815708
22.112793529314537,1.3937606509179852,384.7568420689268,1.213824848438325,15.29459290420228
39.83460149078493,1.4044397897796663,468.1270373427395,1.4260866610400793,14.9713064674523
40.02901527680521,1.4140540269823354,786.0172381319474,1.5012310034942424,16.6717495742179
42.06493272956687,1.4001577220541424,671.4523934554428,1.5385042220927871,17.240855180274156
57.771429083782465,1.348151763785116,722.217265535855,1.4425546244038303,33.38094944984345
42.3846818554027,1.3933438310781776,662.1075389182784,1.5609872674073582,16.052624421296294
111.02208455137338,1.3215575243090043,1654.7211476764455,1.4847701501886552,33.35457403900113
34.30866686357703,1.38266558970936,550.5232429635388,1.404272273837203,18.338419359859508
44.68321240368432,1.395166955925322,1134.757211650886,1.479314595765821,13.155832540219428
29.15983168627715,1.393996663536229,449.0456455640462,1.3329667177203288,17.30701494107744
51.59664557785386,1.3729299595380626,945.0338775588629,1.5000979786632145,19.390403908881616
53.62322174349028,1.3927631053604164,567.7243743776247,1.6430872875554137,17.07539151961442
34.2921693667921,1.3687526740264848,525.9670923446406,1.2601141253560908,37.29003825874486
46.97052739481812,1.4052523368068908,1282.4392282521192,1.5864998409213342,14.229619832277455
44.83118283309109,1.3799197549454016,1149.8957356588007,1.4007782110027407,20.78640522880506
45.59429423396028,1.3883649875284818,1321.138504787992,1.4202147473607367,20.85992544360965
36.48747734655325,1.4055884289623224,510.1126580398623,1.4516717904120364,16.07706814236111
36.75506313532989,1.360994943222866,564.8275107272647,1.323854032254277,33.28355914540049
36.687375052695515,1.403040232391731,548.881202810062,1.3655325953735609,17.334017385223767
48.64965985240539,1.3732749148128105,441.38937367581576,1.316740977215828,17.056668946408532
25.85657601773657,1.3945084734055788,496.6356145905699,1.3033044280713006,13.666735039437588
33.068146600101834,1.425420517727299,587.7269824780414,1.4102884222492202,13.355257523148149
31.94785294822439,1.4162622078837166,430.81134378899213,1.3341729078992306,12.146203629510923
31.097649329833263,1.400089707722569,405.2154917889818,1.3060564646486983,16.025007394547327
64.00397229291544,1.3729827425731085,1217.1607304790418,1.4885952532298865,23.844716253805505
36.67771515563431,1.4016722150961538,594.6908140264718,1.453674990968759,14.656011365598513
48.345435147161275,1.3840666568325886,794.7162244793084,1.5222740116713736,17.28731325676638
39.30175467162999,1.3477936350005324,924.31626533546,1.3651212350737678,32.857333912721565
52.30604088265708,1.3822768302024733,1076.295681240072,1.5014910730908195,17.74214098112536
32.951946730027174,1.3902788695602248,409.3064925492114,1.354421968203252,18.378995926602908
76.95307257648857,1.3484069317313063,677.6726805433173,1.5817126395080885,28.276807922979796
52.801955223832856,1.3705124235882478,612.8677427937503,1.3991983089528386,28.323871259859395
51.36068382628727,1.3920215725113516,969.481187395846,1.5191725985319453,16.686031930358354
58.872008749975535,1.3812244608236717,1046.0140125578828,1.5349512606544722,19.644891832875377
90.7956813823086,1.3574967798265172,963.1187390453024,1.632488018949787,29.869652995322134
44.77134694718024,1.3940440512478711,678.6782723925999,1.510852864420855,17.076914572110045
51.188538007800275,1.3514999586085483,685.5075051391347,1.4149179271759238,33.10833059348584
103.88208569596226,1.3248054945692291,957.103644036595,1.517998937906688,46.901968677220246
71.54596108943782,1.3929637668871886,630.7716184770376,1.5773629901392143,35.190069701646095
60.70518994344366,1.3957115460054068,1565.459122645124,1.5217481281074934,21.65757876800412
61.27963779675837,1.3859217611154009,828.8874300257692,1.630635855011065,16.594039541770208
43.72253827393349,1.386659467787581,516.7618551690549,1.4589970750198435,17.339146894290124
20.34292140528852,1.426594437133078,384.6951879132263,1.3032916537439283,11.63518454218107
32.476175935783296,1.4278697080927134,375.07990286990565,1.3863679759159135,12.345644483024692
79.01544312079741,1.358498033151872,1105.842670218908,1.5933260864840575,26.76254509066358
41.55182018092524,1.387566667247179,514.8881713640208,1.3892343846605653,19.097274135348584
27.301428493489706,1.3644106766810506,428.5408587043418,1.2467596764898483,24.503351658950617
48.829060085332806,1.3839447306598138,455.902961111914,1.3550668033134163,18.213105255991287
30.195220162971488,1.3764794789144217,583.4659016590634,1.3416029433593977,20.833293547453703
32.28521278311971,1.3962771982525195,374.6656115377129,1.2514303804231637,16.34876076185835
72.84841464389899,1.3570924903218478,535.5164090295834,1.4459538761263748,27.120219402189885
38.811906470438885,1.3786531699561562,586.5653430685246,1.5118411551976891,18.222650236020332
54.8805135532798,1.373676185045686,1035.3510722135038,1.4483327127647403,19.105609136537986
36.76283581948913,1.4136227461574424,925.7218011025436,1.4393153889403631,15.741752989969134
53.440385584964886,1.3483269933914517,450.22580528103066,1.344918515439491,27.338306437117385
66.54349395385678,1.3755234241038443,805.8622673075884,1.6562460190709123,15.5899765520262
29.348726365299186,1.3992805229541057,385.5598859699012,1.2301286512263123,17.40180434992284
75.19753761317551,1.359413568199564,515.636353051291,1.458806121458449,27.17381099746954
35.24383994946352,1.4329024843871223,531.3784941875325,1.4403437977455458,13.550838407474505
75.21823585252227,1.361306685630936,939.5001103802944,1.5623421680768284,28.903798406152852
36.258422779546144,1.4015976629638027,277.71062979867446,1.3121672341247892,17.896165450755756
56.5998648983578,1.345984248483609,930.2578291437616,1.4518736547184588,38.614840232980626
53.943005369024654,1.3556125019941054,801.5440895254867,1.3924131178283516,29.14336637815352
32.53706332498344,1.3638247420523169,421.4575734330386,1.283183688268373,29.18741552533436
68.68634194602502,1.35169248277946,1608.7835597342491,1.4999940995755974,22.058328944830244
68.12144462480374,1.3854521450090738,563.1920133304554,1.552964159712109,18.917609598100224
30.068385529893032,1.3659122691819754,509.04946772517,1.3625339776366847,20.75851232960391
56.80480793470687,1.3717238541219066,931.3662769292284,1.525048746572665,21.27103854815507
124.4647737732857,1.3114735657387546,1339.355692217065,1.5191694644512015,50.42034363985982
120.08966922322963,1.3373887364018937,1381.20242448483,1.5427302115283816,34.333288387345675
35.916997366486854,1.439407249733259,464.1549710537496,1.4688339558048111,13.318937435699588
61.38917182655424,1.3585213076029274,585.9863061278323,1.4944808156085343,25.920252552231716
30.962874326032715,1.382108035355167,1145.1132026634575,1.2655145131524823,25.697936800733025
41.838737768135296,1.4203850163765983,614.9163434110072,1.5596332093481935,14.356034759557945
42.73260762935129,1.403154035283544,502.55489034982696,1.3894629331329609,14.721761509773662
86.50520510869327,1.3467875232953674,913.8955677051314,1.5282101381039852,37.268639081700215
33.64816615220988,1.3662157581264722,432.3084581609024,1.2623589438704264,25.462243234678137
38.45741379660271,1.363226677530981,452.75954739644726,1.2879945484169049,24.93112289321593
25.81947723577061,1.3698290013747427,428.18093821973525,1.2991911339894744,23.135335768711418
75.05703583080708,1.3433267976828605,1067.4817244997305,1.5319281677456849,26.23852384800083
33.30587149256927,1.3580442280208926,514.8521265315621,1.3116604869888489,33.574247314221275
55.86607258134424,1.3812649449859122,1137.522784505406,1.5674628559441288,19.31433903656901
69.41207557025419,1.336051043329959,782.4777274618016,1.2579986474628346,33.0898365162037
67.79687685946989,1.3670507459344683,594.7505051476547,1.4853583513228166,26.409874734171215
82.99723706409544,1.3580398461676575,969.1884578333508,1.5899633933876056,28.83924071831024
63.47744009640663,1.360706918476692,1417.9443966463275,1.462175371784906,23.528001552289492
46.17457252966129,1.404333946287907,582.7313476845959,1.460749604058327,20.35702527006173
50.25496980039295,1.3615343974642904,1481.435296226117,1.446351902291697,23.858180051847896
32.082903075096254,1.3943032412809442,457.1473878904537,1.324697553236119,15.19286981197206
76.3972040828566,1.326355548811474,726.5181886448439,1.2545902300545448,41.7339051247428
73.17813244822717,1.3631825508100446,1235.778240088268,1.5630240072414183,21.671795137505995
44.623123937961985,1.3905478838585996,1085.5163680915869,1.481096372767465,18.467281624455335
36.83017198907177,1.3820364926677342,985.6632158682678,1.3391797726783468,21.21126694775132
38.57048054233266,1.414360119249359,653.1171677287085,1.4521005965199332,16.180485224387695
41.88992084743835,1.433029225030128,653.5149943148214,1.570439837556696,12.834338653338056
44.44215259895864,1.3915504213008052,707.2162505438762,1.5703384881431657,15.952166655254452
57.42182769808493,1.366173420520939,728.9231300169969,1.416557705442645,25.26883672518004
32.59977425658581,1.4056996930287813,636.4741886690276,1.1884803876551324,15.206266195664648
40.26989313426291,1.4167674223536524,521.2854314187937,1.550582903066813,14.58132295172058
23.23973011536203,1.4412082217831894,305.91592661890627,1.3360411157999803,15.447826967592595
57.19300203872636,1.368474332358392,731.5187054009198,1.4784306907603155,17.873318402777777
85.64299223575047,1.3132093869535186,682.0779227731979,1.252571309233454,70.08389361956203
26.71027901847223,1.3986737576455617,327.33666606481944,1.2439097847056932,18.47379512511023
34.78447524976546,1.3980979987966495,599.5559966721929,1.3934581718667398,17.171716375830957
38.08816539709111,1.3719837500070284,412.51986891295167,1.285210234893387,23.20696917713845
49.75585653220989,1.3708694883191168,764.2861665179636,1.4868259555521823,23.39918853715729
30.65315515283802,1.441083941947548,597.9347746102306,1.35191429758689,14.929238916947252
40.29824163736391,1.4265141408058877,459.31343935185487,1.50492040161647,15.240998974577652
38.28776705546221,1.39649705055262,544.3576050306297,1.3250828209072598,21.352298588416847
29.703143649652635,1.3879459368089944,385.63137626564185,1.26683302980779,21.85648205304069
86.19362153359485,1.3300810086830062,782.2768585644988,1.2318625508278973,41.88898419415509
27.05172414096196,1.3865245694383188,713.7080059479596,1.290849051157004,17.743039227843916
41.01088780965707,1.3784167733251118,582.8054849476697,1.4882702545245914,24.149028566919196
53.60591270143345,1.4102971431418203,814.7934467946969,1.562074478914568,17.32790883930362
45.89412442341931,1.3988992239246507,768.7706598856932,1.572739862700124,17.046957778088537
26.52881074100063,1.408666346095602,365.87289755993584,1.3309692546943124,13.141932866516091
30.51940386669446,1.372449100969826,666.4084809463826,1.1738752812531912,20.045103975562505
71.27876770439494,1.3775264517560422,990.886573118734,1.5458905842108337,24.216555649434397
27.03746815291302,1.4134280433120918,415.468472829385,1.2620808526791456,16.424778071722518
33.00452744209477,1.3799008792988317,780.3333835216074,1.3730698882000252,16.27982452015818
35.18146892123388,1.3952497113174245,371.72791479989496,1.3456315710526383,14.203078703703705
25.093089877381363,1.419192489098971,295.1826151343771,1.2608507689872963,14.971884886188272
43.28218391187651,1.377136351670478,611.8223830637543,1.5052794745439186,20.0703243404534
37.07051627859734,1.4156855844884235,664.5365613907063,1.4794426255631414,13.153325938786006
65.77409698793369,1.3524919552116732,1422.1737836536945,1.4651741004496068,24.245714490120704
108.430269742887,1.334065354926406,1405.984016733663,1.4146432822134118,31.70036387512795
41.49044374040241,1.3995024778707512,630.0863774272734,1.44500059989539,18.71462823109568
46.80001746709971,1.372696803710964,1694.3176253095237,1.421005715791536,17.08907750342936
36.09333273114153,1.3818183956694825,684.8934622113962,1.2918771279385024,14.940888269942276
54.46006040510611,1.3764902427558592,721.6696200920065,1.5895170765666091,17.42665531578667
74.76315815656665,1.3542190938141432,1295.9543425444638,1.4182256397232906,27.077463228202163
38.8662625506198,1.431297927049194,669.0268560660244,1.4740179374871056,14.821859064680622
48.874616158195415,1.3984227772583957,715.3518430151823,1.550713152628303,17.10524876221708
33.55449630692397,1.3826417366203605,719.2188969981103,1.3771484989764136,18.485808998100666
36.80863837305647,1.3910061291894409,724.4630473198109,1.3461486090561832,18.159538927469136
40.606505403338645,1.4280205797447978,423.1580769720871,1.5339520690933794,17.7185024726431
61.40971749644368,1.3846894567062022,819.0477233571809,1.531430974398856,20.89999648493623
69.39691462902321,1.3583073923948783,1390.4224243587846,1.3568525523141637,23.833530345201257
36.3556476378478,1.3991578342520972,476.3190067973906,1.450652935587364,12.777545412165638
46.51983589575515,1.3992263362953588,724.7285324397164,1.5593760424081096,15.800237782921814
49.78193893201083,1.3793050031280352,619.8764718910826,1.3333719073326027,25.414758109889405
62.572584056511594,1.361400299542633,685.3559153340664,1.4634499728985424,22.9397676739514
33.08074170004689,1.3982083765428917,407.8723391051562,1.3764006565262907,14.14068833590535
44.89370318555562,1.398458513861334,483.1212868943287,1.5875557791659287,16.44984723706078
46.74637575335815,1.3782246839135723,645.6109572481082,1.5271268709555406,14.535189228691832
43.25962292408358,1.3837719289926689,605.7668774826672,1.5137990483029742,20.84627374483417
49.48565895438471,1.3779151768320614,839.1761134300975,1.551878975436365,18.81563880904533
45.05904995334422,1.377402475255212,1058.262395934871,1.3903877563724576,17.770469833899966
33.13179607026417,1.4435864138504586,570.6609327369549,1.3905411411462971,12.412900620791246
44.60763802084734,1.4000907253718005,585.8452815281935,1.5383184824999088,15.693138223885468
75.91602224145956,1.3485101213714268,574.4190359443835,1.5065852455373232,29.28017607178392
13.470060036153136,1.3631654772008166,438.30446511400777,1.0725988264223805,21.49084406341955
31.982228412659737,1.4029507469442182,325.3991050998977,1.339046413233896,13.727592515432098
27.75802393618229,1.4019351921333405,316.6339824431143,1.2580701057405077,15.15418227961034
34.840807923445475,1.3902741935071092,692.0803278811162,1.436957522511729,17.283037574404762
22.32224422724695,1.3839517209242798,496.5951018929065,1.210099035382329,21.918446582433123
34.417864223641395,1.4128332043556315,484.8493295962943,1.424481606224541,14.48975857668566
73.34630814724605,1.3619159583877536,891.7196315264354,1.536680234082496,26.190283436716353
41.05896298345315,1.3990126843022834,521.4880920914911,1.4495469262308234,17.937016913930975
35.79585211423669,1.3894854110383772,578.4488103070129,1.3843936455986163,20.670968428421013
52.77155629015888,1.3907793134558315,730.4605218592079,1.497577320429354,19.34337556947029
39.93595286507136,1.408894642384861,451.0979878457658,1.5011092211402663,12.803744823891252
71.95018336940238,1.3548741196467675,845.4233834369555,1.4610046114191877,41.75249373070988
35.460717413406734,1.3947023136602563,502.09534870806425,1.3978713736283288,14.646091660236625
72.73407801290111,1.3625573861644464,940.8582169339276,1.5305314603093898,26.2673627346965
62.094028795876945,1.369076112153932,981.4631967124104,1.506883660764824,19.87638545927708
42.64125420228487,1.382940850652517,557.3351729202293,1.47124903648843,15.434760699129187
35.7966351765628,1.399437960981054,452.3255762471701,1.4257382125042168,16.007491056397306
37.858848468656966,1.3637209351316617,681.3850296712156,1.333755373281147,31.458799473493094
42.84779061134788,1.4035711597574694,542.8749563527883,1.4739384356943963,15.877052293771044
65.01247801133067,1.3775805151398894,920.8010920322056,1.4927082658236883,23.748775771997373
54.41045952026359,1.3871698212235315,686.1277761281692,1.4717791120319916,24.251044916402087
50.5469251143515,1.3747828170839331,602.7267022735705,1.516025124593749,21.905217760603342
64.01547618069948,1.344551044188842,647.6402679904701,1.4743483860300828,33.38078248772545
40.57600493977718,1.4170069570076227,567.9424918393312,1.4546484633676675,16.395663837448563
44.697819730026346,1.4032276192912532,649.5247369606373,1.5420449325574657,16.753266814670358
39.94304785198205,1.386565108500655,559.5593187474952,1.4570642757515997,18.77129937065972
59.55845523061384,1.362330219726419,739.176712144139,1.4760928981531958,27.54535327973846
54.59830968359056,1.3710300505441069,1030.6691926035196,1.575390638363764,17.394600871716857
39.10984274837884,1.4034279446321436,672.9869842193768,1.5104127991558096,12.63948697039843
53.727537903633085,1.3804808769126091,661.749669991545,1.5514485933412032,21.521768610642773
71.56879508945153,1.3527504442437956,889.4123899718847,1.5132939394683331,29.50926602461577
60.32795690092048,1.3685283686104122,1498.9229743099852,1.4607846963171505,20.624311203816983
38.149007286608985,1.4218834267204985,532.9953657609154,1.4002820053007896,19.470511714365884
56.15837848800201,1.341673472749895,996.830739835728,1.4773436240701536,32.10291113930411
59.381105239858705,1.3537305910546849,733.82969096353,1.4120339719131083,28.65979472093621
65.64728064738777,1.3728999747356276,937.7386235087446,1.4817919840999385,24.931834242838956
74.50723327206097,1.3487782569791014,1274.6227591506035,1.4867822804200606,37.13938749132747
38.603429330174606,1.4089632836875932,688.9043176336708,1.461956651239317,14.422122636959877
61.1464400391539,1.3871326716927626,686.656294454845,1.460648720419067,23.640538646556713
44.83390083880536,1.3823180265333657,608.0858490307648,1.46382982341863,18.61787497152836
58.070773947530704,1.390357594765793,683.0680366760268,1.5890393610133184,18.358101445237075
74.49404825138878,1.355651524148208,986.5108203954592,1.3558291395377342,35.04683881446287
33.848057646520914,1.4270989872480506,412.0414418066029,1.4061061021064176,11.962663703002244
39.450238564195345,1.4025072076367209,641.9782475074051,1.52110645212981,12.805783041225748
34.50550213923305,1.4150035675186825,517.5051990447917,1.391870098409414,19.055582693251964
66.48917983463143,1.3538524656376558,1086.6553769569528,1.5897557469940486,21.522396331013848
40.20184925011757,1.4076747975918251,646.3685195872829,1.511161574293581,15.767372002106285
32.504847746847155,1.3954795774111912,459.9733823998076,1.3179597735526285,14.602586137820513
36.83864665160704,1.401846479894868,494.3509242951552,1.5050061507341634,12.535600442188985
30.824694371433303,1.4236743785703672,576.3051626579206,1.377000140584482,13.528466522867564
59.18272249288647,1.352034612950196,1169.4984056053402,1.371315670133975,28.314773192663814
47.71501883384988,1.374273639349406,967.6194984314942,1.5130585044099352,23.201517796677063
84.4642953334351,1.3361618239208066,542.6159521121847,1.3879058246036169,41.92451853057485
60.12472327661155,1.3717921523285077,863.3750285583752,1.4501305921282122,24.782519103444848
53.62306981729293,1.3332881534581191,426.84509963951183,1.3540743166695717,36.35715
28.417491564768373,1.3698819624402698,1063.0564843645486,1.2851807539471716,26.31085919963524
41.82364443009206,1.3495989591793318,377.7534563679316,1.3534429903310872,25.255442481390705
36.150717019685345,1.3842505840331665,394.59745414535627,1.255270660539615,16.096846514917697
13.413875083071916,1.3945113506308922,311.3222640029014,1.0900790441708093,14.94660976080247
31.210355052213117,1.387279289912567,411.74665274833785,1.3073470835356718,18.61780518110022
64.606015710343,1.3564424659517602,675.4747941939063,1.4852635055484948,30.963092660675382
42.795759832446,1.3783863759361874,776.178627028332,1.483243060612221,19.248737484384183
25.288993780936924,1.37151112640308,449.0723182351954,1.1837041371229824,28.022876602564104
40.73439282490282,1.426998248767617,508.2160869640925,1.5288122022217974,13.015796341880128
55.42843466076864,1.365326799067312,928.481651542124,1.4813848437765975,26.858064879115226
109.18429486086524,1.327695059139078,517.2473210643107,1.5204708681849797,58.01640713413067
49.79133837453916,1.3715472040495291,921.5452763460164,1.5140288363135035,21.303805768849415
27.85192804068567,1.4096142712395217,506.88399030952183,1.2758782824755526,14.059010416666665
68.8044112685426,1.349548572808738,846.5166182334588,1.444753725605297,24.396520149410776
58.79377780420357,1.387690886601959,862.8970433130078,1.4886446152018402,22.36141885915387
92.90417945619444,1.3446298919460014,1119.628705187625,1.608218795210113,33.31756305390982
37.510799336028626,1.399797499657964,545.1419630075792,1.4217218694540372,13.187999243233618
61.70437901085298,1.349931120402354,692.6836729020292,1.4956219316581651,29.740101466049385
52.230969265512016,1.367847485144462,923.2702176614604,1.5565341112952575,24.37589811482218
117.25101322624892,1.3275465288098691,540.3256826276339,1.4468205673948464,53.51877738503572
64.06406355529622,1.3682129572991937,756.0255875381124,1.4304820858606615,28.45408819093715
57.26078370105528,1.3840971677873393,942.059989025667,1.4720602415345183,19.97606384300179
46.08402801217748,1.388610579979343,545.3886732772004,1.4916843426095778,21.317672115084427
187.76503900901005,1.291655390783323,1086.3907754608556,1.5416825853235994,83.49942845843188
66.44618463171804,1.3469272904650256,729.4363170249486,1.455218449019016,28.34074250900206
55.783642677441335,1.377451306900381,689.6424505286302,1.460564297918409,20.09422685173198
24.27549380182372,1.3910966052924063,356.18836014808966,1.3313843518606685,15.84921371183862
49.652838864419095,1.412888937488786,585.0607925344665,1.5418854345884725,21.83004018775721
38.68726807176108,1.4012362676735717,615.3645532470965,1.4618379346203612,14.907374346279148
31.833913988338033,1.3690420982629787,764.6049465829981,1.3315633394566817,22.540678274782135
60.728142414192895,1.3549628498504995,758.4041116171339,1.4842238780852473,30.74869912184274
35.97137504870298,1.3926954810515744,546.2577464164372,1.319018934103095,16.306213392606626
44.61768155955969,1.3986686625213522,403.37942726799344,1.432777678571851,12.967829056451585
26.040088221619815,1.4045960241555904,520.6724383395607,1.28295528489837,18.277321910824515
69.29703883793825,1.36357611705848,864.9857751107736,1.5344403541024585,25.0162171943514
41.554548440076346,1.416804650031314,607.5577582734105,1.454749309169229,15.962940034020765
42.17423801743994,1.396328735907788,531.5462888755591,1.5167803232848769,12.633730439814816
25.786443349120983,1.3911936593491026,293.01762397516774,1.357241665498214,15.79384459579772
44.56393627317322,1.3620302766168315,775.0801615496282,1.311872546784413,19.833305823070543
66.0377875410498,1.359999915240412,786.3933893512325,1.5075668387553165,28.7630924601621
39.21544162819583,1.359388567431421,689.3757730809397,1.4213522509934058,24.062040227326687
54.494973996228985,1.3850304440635437,817.2825412697879,1.5605889984954842,20.493674812353603
41.937842978355285,1.3724514694474732,571.4265601693338,1.3773768896216398,19.391135844451433
40.868394304142186,1.357068987313628,708.6388455454197,1.4412719798314275,30.977837287808644
64.61836593254412,1.3595998541868477,991.626012842056,1.49937928789419,22.02971554716339
47.24671626861716,1.3537700186014934,506.8655249106489,1.346118332507667,42.417546175841295
75.8882207859063,1.3274785429536522,460.073380411953,1.298085331361424,56.644452218454255
55.46909455564688,1.3808719099231876,538.928338797638,1.530492741590501,19.013563239001915
45.36513654669979,1.374586680604622,724.4414615491074,1.3880395138979105,23.018405522910733
45.94923100397451,1.4133736076009311,1023.5574775073688,1.605163372054286,14.23503850953029
30.752287936543087,1.4140156272088436,616.9465371006208,1.373657780066906,12.95250960312668
40.257409984344505,1.4032340027462027,622.0010400948283,1.5147266368540722,13.74522685850362
80.09414014199757,1.342335787808608,678.0977272876567,1.468651446403612,30.065800437376733
37.065211615653055,1.4333448643480418,562.5874391483121,1.3730598565613248,14.964388422710906
44.41076859799712,1.3885303875238209,558.305616948249,1.5428429521723237,16.925259181380493
80.39081577980066,1.342046581634359,974.6670620412672,1.4041330736774549,50.747692378793715
48.59356834511893,1.4030082948769316,630.1455769308275,1.3887576453670691,20.45606288580247
42.08657955950816,1.3861777496508945,625.2862117637226,1.511862748008045,14.315786072530866
89.03842958376987,1.34070041343567,1436.8048173588995,1.6525352372727151,32.86818544167607
84.82123124976762,1.342132537677161,1452.105505359395,1.4978787850960509,29.20633787827697
42.70999819342642,1.3649972392004854,571.0062104283274,1.3756679373450156,16.51938053747644
43.6013565825736,1.3805913707092756,1084.0259290458396,1.5634678962295352,17.662430096266906
38.07660989437455,1.382761881638072,573.3331669071099,1.4596012127797948,17.300010707373996
79.41871883399764,1.3485845428891945,1181.4368894452386,1.4319170557939596,40.073457031249994
74.73967340268132,1.3694432625251802,1549.446798288723,1.5645369607470956,26.707986158858883
27.516143075316943,1.4614026531754527,414.4517379503714,1.298507519571723,13.62134889786099
37.76615853189257,1.427898394596536,822.4412123541036,1.4213563756545042,14.68752707761774
95.7975905111859,1.3331362572940098,1489.5822825112782,1.6732485892843698,33.093699594785
41.56087954412451,1.4160758087236085,1315.4005061129335,1.478039134174845,15.954817680430594
32.16628041414254,1.4142888637447846,342.7032492904115,1.396447121627289,13.832299382716048
43.23841699817663,1.3696366185565525,243.7397135276764,1.4922457063966517,23.735848573254604
28.62772833224291,1.4465342931550107,427.3327139365357,1.3227145826752236,13.44067350898693
32.19839330972778,1.4183937712538837,673.3262637515883,1.3418076428541983,14.648664272421934
38.90927276641407,1.436728763758073,591.6953652737953,1.3685734993861405,15.428555973508232
88.1580773505017,1.3429485759388304,1139.1047913214377,1.5711453766101582,27.921060473856556
38.02931519765139,1.3991939399961877,436.12762740120354,1.3394632806629,23.326827277911967
49.19079004610261,1.3804986689549323,742.5979210587639,1.5571074395024018,18.75910010525439
57.86648315292164,1.3444367365947285,1128.7737167230582,1.4530733504311542,25.554509143518516
33.788118827503574,1.3882212406662586,738.1250355018321,1.417924917494542,18.55814832351291
44.56000350333321,1.3903035555958136,307.82951108801825,1.3939116528015834,17.21091187169312
35.07763144261788,1.4350716085630495,553.8378880315498,1.458952664672309,14.876383985982512
26.84768421808569,1.3947245826158805,384.3544462424638,1.241675475824582,14.679667467948718
37.265708060784974,1.4436926507394328,509.8036084333967,1.4706017951962562,18.54129627156537
62.22054341070088,1.295880365479336,906.7206527955992,1.344927164349907,72.51316735789611
75.27652668004473,1.3486816236184431,766.3056080256993,1.4565256519814542,36.09915239835136
74.05297781221932,1.3432765945354843,1141.644233107989,1.4768870117934765,30.337450056607057
34.02656395461585,1.4234237333455035,682.2363660736169,1.3764691744860236,21.56239474022634
36.89025132587877,1.3837803407970497,643.4163724171716,1.4363256175314822,23.262631061550337
30.185127566647537,1.3595316130764743,692.1699786902329,1.282882594040078,26.296610199214363
26.025130074893063,1.4074544433260687,225.99543621434267,1.2375103189354648,13.33851803626543
33.448097166295604,1.415376872074112,321.5957772800161,1.3061493471232672,13.639296821416323
70.26261389947044,1.3443441913074083,744.3104456314577,1.406883952339951,30.898613811728392
57.04980454752735,1.4163845135929898,750.5121058611073,1.5006865834061394,17.811212186493456
43.58547497000489,1.406161994717496,635.4177916031103,1.51525169136659,18.017149796576884
52.886845361175425,1.3802942891881975,821.9356416808942,1.6188102732595386,17.092664278076334
33.95065503649232,1.4034448915112827,568.1389014118167,1.4190634641147546,17.891823223527766
43.02738114907034,1.388315569822718,688.6301119997491,1.51433073432348,17.442414565933692
53.04427169334723,1.3495151447305247,594.9312202733092,1.384507867901109,28.06213693761871
47.41422353072736,1.381301230346951,790.6838574193138,1.4387157644591084,16.736397772498375
53.79860220751916,1.383572033608455,758.6103741983859,1.4569892941741656,18.5612338664422
36.864686367360264,1.400743069688973,453.7833384874147,1.4154368844422238,16.0760614761396
63.20646758915664,1.3793068658871703,502.75484112007064,1.487015345837684,25.735854576624128
46.47035850337439,1.404678255533575,702.6630250000151,1.5329751963154283,17.722994398719706
87.05094006879347,1.3539943593563846,677.0259759237802,1.5831289872327718,32.31198366922251
35.087015319088586,1.408457705323327,641.9333866091241,1.3291742749347053,17.40353605499439
27.58616849466399,1.3532869498789355,564.3478692721202,1.2757016731212332,32.95340736405526
62.20066501656079,1.3250325375730485,739.8516402551495,1.3530820821171787,43.84401613641258
62.77611200071305,1.3512306073153075,553.1579786385564,1.4105435411220877,29.02863160569397
45.5076688828853,1.37011713154946,628.6062549644656,1.364898674061258,23.90669015705894
38.17407710120107,1.3826379572682403,622.7028245297095,1.423106131801325,20.003099922839503
51.78059814347936,1.3503304425609193,466.5799487181203,1.321559667684488,18.64404988104424
48.32255059688112,1.377118345667945,962.8774448049244,1.448546816758678,19.916951786119736
45.54040246075184,1.395057711452502,707.7682695829483,1.5487066390780218,14.072864583325291
27.903688578209508,1.382377191201754,606.5439566114655,1.1854581430314022,24.143590418069586
26.801230481972308,1.405544432673654,788.5281542174591,1.2159224905461052,13.077559141764343
36.53155650301639,1.41844812403734,665.893964878955,1.4788362026325177,13.118638760288068
44.81565949610364,1.3877430720649748,683.453617104272,1.3494886721668284,22.283232727920225
65.54185387491133,1.37018314640727,1133.2870446673526,1.4680064830828228,22.5980771304452
27.55203004017067,1.417556878477603,369.073870815207,1.2664929117957415,18.694323639232294
74.83204277471651,1.3557356478924765,1094.367147154673,1.5615465685020398,26.322266117991155
32.337513778216625,1.403405285796728,578.688329300972,1.3457153934381432,17.509191743827163
33.001849872519045,1.4001416049286854,686.7490259219387,1.3357858823419144,21.282114465449244
36.65504601812687,1.3761175345457453,533.4007579045559,1.4209035514120791,23.933837577160492
25.94062994872938,1.402599353570862,419.2721400196047,1.2921388069085906,17.981437194573044
44.42212719887841,1.3906458011367526,547.2035537858246,1.5227120621600945,15.831267974887764
40.06796538875451,1.3885552523621707,621.6665677479543,1.478938235076439,19.58686145307239
34.51216239453473,1.3721984175502262,767.5015622464216,1.3122217145542243,21.55506597562958
54.61246491551194,1.3766396920618196,894.331035175557,1.536503985962705,26.86287017276831
58.40073435326419,1.3728051996757682,764.0812142453468,1.4999481537299826,22.88876900637481
44.34155731057116,1.3869002959784114,516.2700074934926,1.5580102549256811,13.679901041666666
41.736509130654035,1.4265483677341908,608.2585043546791,1.519660942321664,12.92014905639146
39.98296982726701,1.3987316202244604,840.9993920503458,1.5187763738444149,15.685345687780584
46.57461015223019,1.381370743922678,558.7436546670197,1.501845323949801,18.11644573801606
33.08857783727057,1.4094106271596587,371.3540903132755,1.3817914200793655,15.39825073302469
46.727393459519114,1.3921969703506414,416.7983477416412,1.502660552431091,27.78130795805275
108.95361246367744,1.3048878885232782,1002.332953068828,1.5004955913661553,41.05654480069481
33.37468222905409,1.359048985090419,471.40205663282654,1.1941355945153675,25.23505531442901
47.96402112373879,1.3823927952645576,504.4394733549389,1.5267973522203049,16.82892999169041
47.42640597611383,1.3832413855640395,885.7644216431772,1.5392666236595718,17.98369747825477
113.86809270395766,1.292976674451123,1023.6383810674324,1.4763398778610413,53.38968116963863
23.070521898756912,1.3713770714925202,239.04359169585604,1.1783240387710057,21.70857963313692
49.683673868704446,1.3896670111445526,882.6566233757851,1.5994164498732095,15.981258894890264
41.319697169540646,1.4027878225467143,878.061588076908,1.5385291221269544,15.30452339616402
51.84839060399825,1.3631215154558896,569.503004032972,1.3292524604683296,20.489014081790124
48.71280395125286,1.4079138264365785,902.2931305460652,1.644868820252666,13.192282169990502
28.824303581968575,1.3818412654622856,374.0225327844268,1.3383188240579442,22.655003918306328
47.906883556514146,1.3901263933969188,509.0468886763966,1.563264404358049,14.253354604604606
52.56395578402397,1.3767117599646472,791.9061790641036,1.605479865556601,19.920428895227072
82.00929123702727,1.342113680321338,1227.4629690543752,1.59668827154476,26.828629628884784
43.57148640191887,1.4125966232487122,680.0620665014033,1.5673673746520875,13.10406793630752
44.95717880897131,1.3828428989455783,597.1098466669741,1.5308570908996506,17.560563509407846
